<?xml version="1.0" encoding="ISO-8859-1"?>
<SIMPLE NAME="AND Gate" PREFERREDNUMBERFORMAT="Hexadecimal" PREFERREDCYCLELENGTH="10">
    <PARAMETERS/>
    <FORMS>
        <TEXT POSX="0.0" POSY="15.0" HALIGN="CENTER" VALIGN="CENTER"
            COLOR="#00A000" FONT="Dialog,plain,10.0">Branch</TEXT>
        <RECTANGLE COLOR="#009900" POSX="-10.0" POSY="-10.0"
            WIDTH="20.0" HEIGHT="20.0" RADIUSX="0.0" RADIUSY="0.0">
            <STROKE/>
        </RECTANGLE>
        <TEXT POSX="0.0" POSY="0.0" HALIGN="CENTER" VALIGN="CENTER"
            COLOR="#009900" FONT="Dialog,plain,12.0">&amp;</TEXT>
    </FORMS>
    <IO>
        <INPUT BITS="1" SIGNED="false" POSX="-10.0" POSY="-5.0" NAME="In0">
            <LABEL POSX="-10.0" POSY="0.0" HALIGN="RIGHT" VALIGN="CENTER"/>
        </INPUT>
        <INPUT BITS="1" SIGNED="false" POSX="-10.0" POSY="5.0" NAME="In1">
            <LABEL POSX="-10.0" POSY="0.0" HALIGN="RIGHT" VALIGN="CENTER"/>
        </INPUT>
        <OUTPUT BITS="1" SIGNED="false" POSX="10.0" POSY="0.0" NAME="Out">
            <LABEL POSX="10.0" POSY="0.0" HALIGN="LEFT" VALIGN="CENTER"/>
        </OUTPUT>
    </IO>
    <MEMORY/>
    <INTERNALS DELAY="8">
        <ACTION EVENT="INPUT_CHANGE">		Out = In0 &amp;&amp; In1; </ACTION>
    </INTERNALS>
</SIMPLE>
