<?xml version="1.0" encoding="ISO-8859-1"?>
<SIMPLE NAME="PC" PREFERREDNUMBERFORMAT="Hexadecimal" PREFERREDCYCLELENGTH="10">
    <PARAMETERS/>
    <FORMS>
        <RECTANGLE COLOR="#0000C0" POSX="-10.0" POSY="-20.0"
            WIDTH="20.0" HEIGHT="40.0" RADIUSX="0.0" RADIUSY="0.0">
            <STROKE/>
        </RECTANGLE>
        <TEXT POSX="0.0" POSY="0.0" HALIGN="CENTER" VALIGN="CENTER"
            COLOR="#000000" FONT="Dialog,plain,12.0">PC</TEXT>
    </FORMS>
    <IO>
        <INPUT BITS="32" SIGNED="false" POSX="-10.0" POSY="0.0" NAME="In">
            <LABEL POSX="-10.0" POSY="0.0" HALIGN="RIGHT" VALIGN="CENTER"/>
        </INPUT>
        <INPUT BITS="1" SIGNED="true" POSX="0.0" POSY="-20.0" NAME="LOAD">
            <LABEL POSX="-10.0" POSY="0.0" HALIGN="RIGHT" VALIGN="CENTER"/>
        </INPUT>
        <OUTPUT BITS="32" SIGNED="false" POSX="10.0" POSY="0.0" NAME="Out">
            <LABEL POSX="10.0" POSY="0.0" HALIGN="LEFT" VALIGN="CENTER"/>
        </OUTPUT>
    </IO>
    <MEMORY>
        <STORAGE NAME="FirstCycle" SIZE="1" BITS="1" SIGNED="false"/>
    </MEMORY>
    <INTERNALS DELAY="10">
        <ACTION EVENT="CLOCK_RISING">
			// De PC heeft de nare gewoonte om op 0xFF... te beginnen, zoals
// iedere component. Om dit te voorkomen voeren we de statevlag
// FirstCycle in.

{
	if (FirstCycle[0])
	{
		Out = 0;
		FirstCycle[0] = 0;
	}
	else
	{
		if ( LOAD ) Out = In;
	}
}
		</ACTION>
    </INTERNALS>
</SIMPLE>
